<?xml version="1.0" encoding="UTF-8"?>
<project-private xmlns="http://www.netbeans.org/ns/project-private/1">
    <editor-bookmarks xmlns="http://www.netbeans.org/ns/editor-bookmarks/2" lastBookmarkId="0"/>
    <open-files xmlns="http://www.netbeans.org/ns/projectui-open-files/2">
        <group>
            <file>file:/F:/Training/IQ%20Gateway/2023/8-Java%20Design%20Patterns/Workspaces/Lesson04-Behavioral-DesignPattens-Part-1/src/training/iqgateway/commandpattern/CommandPatternTester.java</file>
            <file>file:/F:/Training/IQ%20Gateway/2023/8-Java%20Design%20Patterns/Workspaces/Lesson04-Behavioral-DesignPattens-Part-1/src/training/iqgateway/commandpattern/Command.java</file>
            <file>file:/F:/Training/IQ%20Gateway/2023/8-Java%20Design%20Patterns/Workspaces/Lesson04-Behavioral-DesignPattens-Part-1/src/training/iqgateway/commandpattern/FileSystemReceiverUtil.java</file>
            <file>file:/F:/Training/IQ%20Gateway/2023/8-Java%20Design%20Patterns/Workspaces/Lesson04-Behavioral-DesignPattens-Part-1/src/training/iqgateway/commandpattern/WriteFileCommand.java</file>
            <file>file:/F:/Training/IQ%20Gateway/2023/8-Java%20Design%20Patterns/Workspaces/Lesson04-Behavioral-DesignPattens-Part-1/src/training/iqgateway/commandpattern/OpenFileCommand.java</file>
            <file>file:/F:/Training/IQ%20Gateway/2023/8-Java%20Design%20Patterns/Workspaces/Lesson04-Behavioral-DesignPattens-Part-1/src/training/iqgateway/commandpattern/FileSystemReceiver.java</file>
            <file>file:/F:/Training/IQ%20Gateway/2023/8-Java%20Design%20Patterns/Workspaces/Lesson04-Behavioral-DesignPattens-Part-1/src/training/iqgateway/commandpattern/CloseFileCommand.java</file>
            <file>file:/F:/Training/IQ%20Gateway/2023/8-Java%20Design%20Patterns/Workspaces/Lesson04-Behavioral-DesignPattens-Part-1/src/training/iqgateway/commandpattern/UnixFileSystemReceiver.java</file>
            <file>file:/F:/Training/IQ%20Gateway/2023/8-Java%20Design%20Patterns/Workspaces/Lesson04-Behavioral-DesignPattens-Part-1/src/training/iqgateway/commandpattern/WindowsFileSystemReceiver.java</file>
            <file>file:/F:/Training/IQ%20Gateway/2023/8-Java%20Design%20Patterns/Workspaces/Lesson04-Behavioral-DesignPattens-Part-1/src/training/iqgateway/commandpattern/FileInvoker.java</file>
        </group>
    </open-files>
</project-private>
