<?xml version="1.0" encoding="UTF-8"?>
<!DOCTYPE hibernate-configuration PUBLIC
        "-//Hibernate/Hibernate Configuration DTD 3.0//EN"
        "http://www.hibernate.org/dtd/hibernate-configuration-3.0.dtd">
<hibernate-configuration>
    <session-factory>
        <property name="hibernate.connection.driver_class">oracle.jdbc.driver.OracleDriver</property>
        <property name="hibernate.connection.password">TM</property>
        <property name="hibernate.connection.url">jdbc:oracle:thin:@localhost:1521:XE</property>
        <property name="hibernate.connection.username">TM</property>
        <property name="hibernate.dialect">org.hibernate.dialect.Oracle10gDialect</property>
        <property name="hibernate.show_sql">true</property>

        <property name="connection.pool_size">100</property>

        <mapping class="training.iqgateway.entities.RoleEO"/>
        <mapping class="training.iqgateway.entities.UsersEO"/>
        <mapping class="training.iqgateway.entities.OwnerEO"/>
        <mapping class="training.iqgateway.entities.VehicleEO"/>
        <mapping class="training.iqgateway.entities.OffenseTypeEO"/>
        <mapping class="training.iqgateway.entities.RegistrationEO"/>
    </session-factory>
</hibernate-configuration>